                  epoch,         train/box_loss,         train/cls_loss,         train/dfl_loss,   metrics/precision(B),      metrics/recall(B),       metrics/mAP50(B),    metrics/mAP50-95(B),           val/box_loss,           val/cls_loss,           val/dfl_loss,                 lr/pg0,                 lr/pg1,                 lr/pg2
                      1,                 1.2539,                 4.5882,                 1.5196,                0.08612,                0.40657,                0.11355,                0.05823,                0.98227,                 3.2593,                 1.3388,              3.334e-05,              3.334e-05,              3.334e-05
                      2,                0.79149,                 2.3138,                 1.1427,                 0.4579,                  0.925,                0.70978,                0.60324,                0.58238,                 1.9276,                0.96182,             6.6847e-05,             6.6847e-05,             6.6847e-05
                      3,                0.74241,                 1.4479,                 1.1166,                0.56669,                  0.825,                0.73539,                0.63695,                0.55521,                 2.0282,                0.93041,             8.0549e-05,             8.0549e-05,             8.0549e-05
                      4,                0.72067,                 1.2354,                 1.0659,                0.88175,                0.95895,                0.96423,                 0.8473,                0.52704,                 1.5496,                0.86971,             7.4448e-05,             7.4448e-05,             7.4448e-05
                      5,                0.67816,                 1.0737,                 1.0278,                0.90176,                0.96485,                0.98351,                0.86217,                0.50526,                 1.2823,                0.85808,             4.8543e-05,             4.8543e-05,             4.8543e-05
